insert into public.customer (id, full_name, document_type, document_number, birthday_date, created_at, updated_at)
values  (1, 'Test 1', '1', '00000001', '2022-04-22', '2022-04-22 02:20:03.443437', null),
        (2, 'Test 2', '1', '00000002', '2022-04-22', '2022-04-22 02:20:03.443437', null),
        (3, 'Test 3', '2', '00000003', '2022-04-22', '2022-04-22 02:20:03.443437', null),
        (4, 'Test 4', '2', '00000004', '2022-04-22', '2022-04-22 02:20:03.443437', null),
        (5, 'Test 5', '2', '00000005', '2022-04-22', '2022-04-22 02:20:03.443437', null),
        (6, 'Test 6', '1', '00000006', '2022-04-22', '2022-04-22 02:20:03.443437', null),
        (7, 'Test 7', '1', '00000007', '2022-04-22', '2022-04-22 02:20:03.443437', null),
        (8, 'Test 8', '1', '00000008', '2022-04-22', '2022-04-22 02:20:03.443437', null),
        (9, 'Test 9', '1', '00000009', '2022-04-22', '2022-04-22 02:20:03.443437', null),
        (10, 'Test 10', '2', '00000010', '2022-04-22', '2022-04-22 02:20:03.443437', null),
        (11, 'Test 11', '2', '00000011', '2022-04-22', '2022-04-22 02:20:03.443437', null),
        (12, 'Test 12', '2', '00000012', '2022-04-22', '2022-04-22 02:20:03.443437', null),
        (13, 'Test 13', '1', '00000013', '2022-04-22', '2022-04-22 02:20:03.443437', null),
        (14, 'Test 14', '1', '00000014', '2022-04-22', '2022-04-22 02:20:03.443437', null),
        (15, 'Test 15', '1', '00000015', '2022-04-22', '2022-04-22 02:20:03.443437', null),
        (16, 'Test 16', '1', '00000016', '2022-04-22', '2022-04-22 02:20:03.443437', null),
        (17, 'Test 17', '2', '00000017', '2022-04-22', '2022-04-22 02:20:03.443437', null),
        (18, 'Test 18', '2', '00000018', '2022-04-22', '2022-04-22 02:20:03.443437', null),
        (19, 'Test 19', '2', '00000019', '2022-04-22', '2022-04-22 02:20:03.443437', null),
        (20, 'Test 20', '1', '00000020', '2022-04-22', '2022-04-22 02:20:03.443437', null),
        (21, 'Test 21', '2', '00000021', '2022-04-22', '2022-04-22 02:20:03.443437', null),
        (22, 'Test 22', '2', '00000022', '2022-04-22', '2022-04-22 02:20:03.443437', null),
        (23, 'Test 23', '1', '00000023', '2022-04-22', '2022-04-22 02:20:03.443437', null),
        (24, 'Test 24', '2', '00000024', '2022-04-22', '2022-04-22 02:20:03.443437', null),
        (25, 'Test 25', '1', '00000025', '2022-04-22', '2022-04-22 02:20:03.443437', null),
        (26, 'Test 26', '1', '00000026', '2022-04-22', '2022-04-22 02:20:03.443437', null),
        (27, 'Test 27', '2', '00000027', '2022-04-22', '2022-04-22 02:20:03.443437', null),
        (28, 'Test 28', '2', '00000028', '2022-04-22', '2022-04-22 02:20:03.443437', null),
        (29, 'Test 29', '1', '00000029', '2022-04-22', '2022-04-22 02:20:03.443437', null),
        (30, 'Test 30', '1', '00000030', '2022-04-22', '2022-04-22 02:20:03.443437', null),
        (31, 'Test 31', '2', '00000031', '2022-04-22', '2022-04-22 02:20:03.443437', null),
        (32, 'Test 32', '2', '00000032', '2022-04-22', '2022-04-22 02:20:03.443437', null),
        (33, 'Test 33', '1', '00000033', '2022-04-22', '2022-04-22 02:20:03.443437', null),
        (34, 'Test 34', '2', '00000034', '2022-04-22', '2022-04-22 02:20:03.443437', null),
        (35, 'Test 35', '2', '00000035', '2022-04-22', '2022-04-22 02:20:03.443437', null),
        (36, 'Test 36', '1', '00000036', '2022-04-22', '2022-04-22 02:20:03.443437', null),
        (37, 'Test 37', '1', '00000037', '2022-04-22', '2022-04-22 02:20:03.443437', null),
        (38, 'Test 38', '2', '00000038', '2022-04-22', '2022-04-22 02:20:03.443437', null),
        (39, 'Test 39', '2', '00000039', '2022-04-22', '2022-04-22 02:20:03.443437', null),
        (40, 'Test 40', '1', '00000040', '2022-04-22', '2022-04-22 02:20:03.443437', null),
        (41, 'Test 41', '2', '00000041', '2022-04-22', '2022-04-22 02:20:03.443437', null),
        (42, 'Test 42', '2', '00000042', '2022-04-22', '2022-04-22 02:20:03.443437', null),
        (43, 'Test 43', '2', '00000043', '2022-04-22', '2022-04-22 02:20:03.443437', null),
        (44, 'Test 44', '1', '00000044', '2022-04-22', '2022-04-22 02:20:03.443437', null),
        (45, 'Test 45', '2', '00000045', '2022-04-22', '2022-04-22 02:20:03.443437', null),
        (46, 'Test 46', '1', '00000046', '2022-04-22', '2022-04-22 02:20:03.443437', null),
        (47, 'Test 47', '1', '00000047', '2022-04-22', '2022-04-22 02:20:03.443437', null),
        (48, 'Test 48', '2', '00000048', '2022-04-22', '2022-04-22 02:20:03.443437', null),
        (49, 'Test 49', '2', '00000049', '2022-04-22', '2022-04-22 02:20:03.443437', null),
        (50, 'Test 50', '2', '00000050', '2022-04-22', '2022-04-22 02:20:03.443437', null),
        (51, 'Test 51', '2', '00000051', '2022-04-22', '2022-04-22 02:20:03.443437', null),
        (52, 'Test 52', '1', '00000052', '2022-04-22', '2022-04-22 02:20:03.443437', null),
        (53, 'Test 53', '1', '00000053', '2022-04-22', '2022-04-22 02:20:03.443437', null),
        (54, 'Test 54', '1', '00000054', '2022-04-22', '2022-04-22 02:20:03.443437', null),
        (55, 'Test 55', '1', '00000055', '2022-04-22', '2022-04-22 02:20:03.443437', null),
        (56, 'Test 56', '2', '00000056', '2022-04-22', '2022-04-22 02:20:03.443437', null),
        (57, 'Test 57', '2', '00000057', '2022-04-22', '2022-04-22 02:20:03.443437', null),
        (58, 'Test 58', '1', '00000058', '2022-04-22', '2022-04-22 02:20:03.443437', null),
        (59, 'Test 59', '2', '00000059', '2022-04-22', '2022-04-22 02:20:03.443437', null),
        (60, 'Test 60', '2', '00000060', '2022-04-22', '2022-04-22 02:20:03.443437', null),
        (61, 'Test 61', '2', '00000061', '2022-04-22', '2022-04-22 02:20:03.443437', null),
        (62, 'Test 62', '1', '00000062', '2022-04-22', '2022-04-22 02:20:03.443437', null),
        (63, 'Test 63', '2', '00000063', '2022-04-22', '2022-04-22 02:20:03.443437', null),
        (64, 'Test 64', '2', '00000064', '2022-04-22', '2022-04-22 02:20:03.443437', null),
        (65, 'Test 65', '1', '00000065', '2022-04-22', '2022-04-22 02:20:03.443437', null),
        (66, 'Test 66', '1', '00000066', '2022-04-22', '2022-04-22 02:20:03.443437', null),
        (67, 'Test 67', '2', '00000067', '2022-04-22', '2022-04-22 02:20:03.443437', null),
        (68, 'Test 68', '1', '00000068', '2022-04-22', '2022-04-22 02:20:03.443437', null),
        (69, 'Test 69', '2', '00000069', '2022-04-22', '2022-04-22 02:20:03.443437', null),
        (70, 'Test 70', '2', '00000070', '2022-04-22', '2022-04-22 02:20:03.443437', null),
        (71, 'Test 71', '2', '00000071', '2022-04-22', '2022-04-22 02:20:03.443437', null),
        (72, 'Test 72', '1', '00000072', '2022-04-22', '2022-04-22 02:20:03.443437', null),
        (73, 'Test 73', '1', '00000073', '2022-04-22', '2022-04-22 02:20:03.443437', null),
        (74, 'Test 74', '1', '00000074', '2022-04-22', '2022-04-22 02:20:03.443437', null),
        (75, 'Test 75', '1', '00000075', '2022-04-22', '2022-04-22 02:20:03.443437', null),
        (76, 'Test 76', '1', '00000076', '2022-04-22', '2022-04-22 02:20:03.443437', null),
        (77, 'Test 77', '1', '00000077', '2022-04-22', '2022-04-22 02:20:03.443437', null),
        (78, 'Test 78', '2', '00000078', '2022-04-22', '2022-04-22 02:20:03.443437', null),
        (79, 'Test 79', '1', '00000079', '2022-04-22', '2022-04-22 02:20:03.443437', null),
        (80, 'Test 80', '2', '00000080', '2022-04-22', '2022-04-22 02:20:03.443437', null),
        (81, 'Test 81', '1', '00000081', '2022-04-22', '2022-04-22 02:20:03.443437', null),
        (82, 'Test 82', '2', '00000082', '2022-04-22', '2022-04-22 02:20:03.443437', null),
        (83, 'Test 83', '1', '00000083', '2022-04-22', '2022-04-22 02:20:03.443437', null),
        (84, 'Test 84', '1', '00000084', '2022-04-22', '2022-04-22 02:20:03.443437', null),
        (85, 'Test 85', '2', '00000085', '2022-04-22', '2022-04-22 02:20:03.443437', null),
        (86, 'Test 86', '1', '00000086', '2022-04-22', '2022-04-22 02:20:03.443437', null),
        (87, 'Test 87', '2', '00000087', '2022-04-22', '2022-04-22 02:20:03.443437', null),
        (88, 'Test 88', '1', '00000088', '2022-04-22', '2022-04-22 02:20:03.443437', null),
        (89, 'Test 89', '2', '00000089', '2022-04-22', '2022-04-22 02:20:03.443437', null),
        (90, 'Test 90', '2', '00000090', '2022-04-22', '2022-04-22 02:20:03.443437', null),
        (91, 'Test 91', '2', '00000091', '2022-04-22', '2022-04-22 02:20:03.443437', null),
        (92, 'Test 92', '2', '00000092', '2022-04-22', '2022-04-22 02:20:03.443437', null),
        (93, 'Test 93', '2', '00000093', '2022-04-22', '2022-04-22 02:20:03.443437', null),
        (94, 'Test 94', '1', '00000094', '2022-04-22', '2022-04-22 02:20:03.443437', null),
        (95, 'Test 95', '1', '00000095', '2022-04-22', '2022-04-22 02:20:03.443437', null),
        (96, 'Test 96', '2', '00000096', '2022-04-22', '2022-04-22 02:20:03.443437', null),
        (97, 'Test 97', '2', '00000097', '2022-04-22', '2022-04-22 02:20:03.443437', null),
        (98, 'Test 98', '1', '00000098', '2022-04-22', '2022-04-22 02:20:03.443437', null),
        (99, 'Test 99', '2', '00000099', '2022-04-22', '2022-04-22 02:20:03.443437', null),
        (100, 'Test 100', '1', '00000100', '2022-04-22', '2022-04-22 02:20:03.443437', null);

insert into public.plan (id, name, price, created_at, updated_at)
values  (1, 'Plan prepago', 0.00, '2022-04-21 17:54:56.410041', null),
        (2, 'Plan S/29.90', 29.90, '2022-04-21 17:54:56.410041', null),
        (3, 'Plan S/39.90', 39.90, '2022-04-21 17:54:56.410041', null),
        (4, 'Plan S/49.90', 49.90, '2022-04-21 17:54:56.410041', null),
        (5, 'Plan S/65.90', 65.90, '2022-04-21 17:54:56.410041', null);

insert into public.offer (id, code, description, valid_from, valid_to, created_at, updated_at)
values  (1, '00000001  ', 'Some text', '2022-04-21', '2022-04-30', '2022-04-21 14:19:35.000000', null),
        (3, '00000003  ', 'Some text', '2022-04-21', '2022-05-02', '2022-04-21 14:19:35.000000', null),
        (2, '00000002  ', 'Some text', '2022-04-21', '2022-05-01', '2022-04-21 14:19:35.000000', null),
        (4, '00000004  ', 'Some text', '2022-04-21', '2022-05-03', '2022-04-21 14:19:35.000000', null);

insert into public.mobile_line (id, phone_number, line_status, line_type, plan_id, customer_id, created_at, updated_at)
values  (1, '953518273', true, '1', 1, 4, '2022-04-21 17:56:21.894153', null),
        (2, '966198083', true, '2', 3, 4, '2022-04-21 17:56:21.894153', null),
        (6, '123987456', true, '2', 3, 5, '2022-04-21 17:56:21.894153', null),
        (4, '123456789', true, '1', 1, 5, '2022-04-21 17:56:21.894153', null),
        (5, '123654789', true, '1', 1, 5, '2022-04-21 17:56:21.894153', null),
        (3, '927627127', true, '2', 4, 4, '2022-04-21 17:56:21.894153', null),
        (7, '953518271', true, '1', 1, 8, '2022-04-21 17:56:21.894153', null),
        (8, '966198081', true, '2', 3, 8, '2022-04-21 17:56:21.894153', null),
        (9, '123987451', true, '2', 3, 9, '2022-04-21 17:56:21.894153', null),
        (10, '123456781', true, '1', 1, 10, '2022-04-21 17:56:21.894153', null),
        (11, '123654781', true, '1', 1, 9, '2022-04-21 17:56:21.894153', null),
        (12, '927627121', true, '2', 4, 8, '2022-04-21 17:56:21.894153', null);

insert into public.mobile_line_offer (id, mobile_line_id, offer_id, created_at, updated_at)
values  (1, 1, 1, '2022-04-21 14:20:22.000000', null),
        (2, 1, 2, '2022-04-21 14:20:22.000000', null),
        (3, 2, 3, '2022-04-21 14:20:22.000000', null),
        (4, 3, 2, '2022-04-21 14:20:22.000000', null),
        (5, 4, 1, '2022-04-21 14:20:22.000000', null),
        (6, 6, 2, '2022-04-21 14:20:22.000000', null),
        (7, 4, 3, '2022-04-21 14:20:22.000000', null),
        (8, 5, 2, '2022-04-21 14:20:22.000000', null);